[
  {
    "value": "Dimension",
    "synonyms": [
      "dimension"
    ]
  },
  {
    "value": "Catégorie",
    "synonyms": [
      "catégorie"
    ]
  },
  {
    "value": "Géo",
    "synonyms": [
      "géo"
    ]
  },
  {
    "value": "Mois",
    "synonyms": [
      "mois"
    ]
  },
  {
    "value": "Secteur",
    "synonyms": [
      "secteur"
    ]
  },
  {
    "value": "Produit",
    "synonyms": [
      "produit"
    ]
  },
  {
    "value": "Période",
    "synonyms": [
      "période"
    ]
  },
  {
    "value": "Région",
    "synonyms": [
      "région"
    ]
  },
  {
    "value": "Périmètre",
    "synonyms": [
      "périmètre"
    ]
  },
  {
    "value": "Groupement",
    "synonyms": [
      "groupement"
    ]
  },
  {
    "value": "Ciblage",
    "synonyms": [
      "ciblage"
    ]
  },
  {
    "value": "Réseau",
    "synonyms": [
      "réseau"
    ]
  },
  {
    "value": "Produit",
    "synonyms": [
      "produit"
    ]
  },
  {
    "value": "hierCiblage",
    "synonyms": [
      "hierciblage"
    ]
  },
  {
    "value": "Pharmacie",
    "synonyms": [
      "pharmacie"
    ]
  }
]