[
  {
    "value": "Cible",
    "synonyms": [
      "cible"
    ]
  },
  {
    "value": "Parts de marché CM3",
    "synonyms": [
      "parts de marché cm3"
    ]
  },
  {
    "value": "Fréquence",
    "synonyms": [
      "fréquence"
    ]
  },
  {
    "value": "Objectif",
    "synonyms": [
      "objectif"
    ]
  },
  {
    "value": "Objectif",
    "synonyms": [
      "objectif"
    ]
  },
  {
    "value": "Nb visites",
    "synonyms": [
      "nb visites"
    ]
  },
  {
    "value": "CM3",
    "synonyms": [
      "cm3"
    ]
  },
  {
    "value": "Objectif Périmètre 3",
    "synonyms": [
      "objectif périmètre 3"
    ]
  },
  {
    "value": "Nb pharmacies",
    "synonyms": [
      "nb pharmacies"
    ]
  },
  {
    "value": "R/O",
    "synonyms": [
      "r/o"
    ]
  },
  {
    "value": "Objectif Cumulé",
    "synonyms": [
      "objectif cumulé"
    ]
  },
  {
    "value": "CA Facturé",
    "synonyms": [
      "ca facturé"
    ]
  },
  {
    "value": "Couverture",
    "synonyms": [
      "couverture"
    ]
  },
  {
    "value": "Objectif Périmètre 2",
    "synonyms": [
      "objectif périmètre 2"
    ]
  },
  {
    "value": "CA Facturé Périmètre 2",
    "synonyms": [
      "ca facturé périmètre 2"
    ]
  },
  {
    "value": "Parts de marché",
    "synonyms": [
      "parts de marché"
    ]
  },
  {
    "value": "CA Cumulé",
    "synonyms": [
      "ca cumulé"
    ]
  },
  {
    "value": "CA CM3",
    "synonyms": [
      "ca cm3"
    ]
  },
  {
    "value": "CA Facturé Périmètre 3",
    "synonyms": [
      "ca facturé périmètre 3"
    ]
  },
  {
    "value": "Tref",
    "synonyms": [
      "tref"
    ]
  },
  {
    "value": "CA",
    "synonyms": [
      "ca"
    ]
  }
]