[
  {
    "id": "79a69c28-6e57-41f4-a5ea-1612cc6c7d69",
    "data": [
      {
        "text": "Indicateur",
        "userDefined": false
      }
    ],
    "isTemplate": false,
    "count": 1,
    "updated": 1509377712
  },
  {
    "id": "7a635fb9-65b8-41c9-8b37-9fffc9b882ab",
    "data": [
      {
        "text": "Kpi",
        "userDefined": false
      }
    ],
    "isTemplate": false,
    "count": 1,
    "updated": 1509368416
  },
  {
    "id": "aa514e47-1ccc-4b76-96d5-8f78badb2d36",
    "data": [
      {
        "text": "quelles mesures ?",
        "userDefined": false
      }
    ],
    "isTemplate": false,
    "count": 1,
    "updated": 0
  },
  {
    "id": "7888f9c3-f26e-4cad-921f-693e8dab3198",
    "data": [
      {
        "text": "mesures",
        "userDefined": false
      }
    ],
    "isTemplate": false,
    "count": 0,
    "updated": 1509361771
  },
  {
    "id": "ba66e285-4408-46c7-b8a9-dcfbcc9dd03a",
    "data": [
      {
        "text": "indicateurs",
        "userDefined": false
      }
    ],
    "isTemplate": false,
    "count": 1,
    "updated": 0
  },
  {
    "id": "5baedd63-62ec-4439-953b-8ce17dded61d",
    "data": [
      {
        "text": "quels sont les indicateurs",
        "userDefined": false
      }
    ],
    "isTemplate": false,
    "count": 1,
    "updated": 0
  },
  {
    "id": "61214c7c-b79a-45ea-b479-79ebeeb27a1c",
    "data": [
      {
        "text": "liste des kpi",
        "userDefined": false
      }
    ],
    "isTemplate": false,
    "count": 1,
    "updated": 0
  },
  {
    "id": "9d1e8586-2202-4128-81be-17ee024d2d89",
    "data": [
      {
        "text": "Les mesures",
        "userDefined": false
      }
    ],
    "isTemplate": false,
    "count": 0,
    "updated": 1499710932
  },
  {
    "id": "4b35cff4-f933-417b-965c-c22da62bcb28",
    "data": [
      {
        "text": "Liste des mesures",
        "userDefined": false
      }
    ],
    "isTemplate": false,
    "count": 1,
    "updated": 1504280072
  },
  {
    "id": "438e6666-6551-48ea-9394-ab9209f93d6a",
    "data": [
      {
        "text": "liste des mesures",
        "userDefined": false
      }
    ],
    "isTemplate": false,
    "count": 1,
    "updated": 1504280072
  },
  {
    "id": "b776b3e1-89be-45b5-b536-222eccbf5aef",
    "data": [
      {
        "text": "Donne ",
        "userDefined": false
      },
      {
        "text": "moi",
        "meta": "@sys.ignore",
        "userDefined": false
      },
      {
        "text": " la ",
        "userDefined": false
      },
      {
        "text": "liste des mesures",
        "meta": "@sys.ignore",
        "userDefined": true
      }
    ],
    "isTemplate": false,
    "count": 0,
    "updated": 1508508129
  },
  {
    "id": "05097fcd-3b7f-4214-8197-59d8bbf57160",
    "data": [
      {
        "text": "Affiche moi la ",
        "userDefined": false
      },
      {
        "text": "liste des mesures",
        "meta": "@sys.ignore",
        "userDefined": true
      }
    ],
    "isTemplate": false,
    "count": 0,
    "updated": 1508508129
  },
  {
    "id": "17702e0c-eaff-486c-bb6e-610b40efa85e",
    "data": [
      {
        "text": "KPI",
        "userDefined": false
      }
    ],
    "isTemplate": false,
    "count": 0,
    "updated": 1502900075
  },
  {
    "id": "75bdb0df-2980-4b7c-beaa-4a0c14ec0a5a",
    "data": [
      {
        "text": "donne moi la liste des mesures",
        "userDefined": false
      }
    ],
    "isTemplate": false,
    "count": 0,
    "updated": 1502900075
  },
  {
    "id": "a43d0477-2af1-4211-94c0-e69ed11440b7",
    "data": [
      {
        "text": "donnes moi la liste des mesures",
        "userDefined": false
      }
    ],
    "isTemplate": false,
    "count": 1,
    "updated": 1502900075
  },
  {
    "id": "ac57f519-7998-499d-af53-fdefbb13cdaf",
    "data": [
      {
        "text": "Liste des mesures",
        "meta": "@sys.ignore",
        "userDefined": true
      }
    ],
    "isTemplate": false,
    "count": 0,
    "updated": 1508508129
  }
]