[
  {
    "id": "e034a861-cac2-47b4-af46-62cb8bd35bbf",
    "data": [
      {
        "text": "Dimensions",
        "userDefined": false
      }
    ],
    "isTemplate": false,
    "count": 0,
    "updated": 1509362234
  },
  {
    "id": "38d06b7f-89f9-4b76-a00a-57577539ad2f",
    "data": [
      {
        "text": "de ma liste des dimensions",
        "userDefined": false
      }
    ],
    "isTemplate": false,
    "count": 1,
    "updated": 1504280072
  },
  {
    "id": "c13c9fee-d1cf-4fb3-9872-e5edf30769be",
    "data": [
      {
        "text": "liste des dimensions",
        "userDefined": false
      }
    ],
    "isTemplate": false,
    "count": 1,
    "updated": 1504280072
  },
  {
    "id": "d28a0540-ab62-49b7-9ba7-1e2591152444",
    "data": [
      {
        "text": "Donne moi la ",
        "userDefined": false
      },
      {
        "text": "liste des dimensions",
        "meta": "@sys.ignore",
        "userDefined": true
      }
    ],
    "isTemplate": false,
    "count": 0,
    "updated": 1508490657
  },
  {
    "id": "de96e6a0-306e-4717-95eb-f6a6dab1ebba",
    "data": [
      {
        "text": "Les dimensions",
        "userDefined": false
      }
    ],
    "isTemplate": false,
    "count": 1,
    "updated": 1499710943
  },
  {
    "id": "37e8402f-4ab2-465d-b82c-ef906eb8e202",
    "data": [
      {
        "text": "Liste des dimensions",
        "meta": "@sys.ignore",
        "userDefined": true
      }
    ],
    "isTemplate": false,
    "count": 0,
    "updated": 1499710905
  },
  {
    "id": "1a220a2e-4126-4dea-8090-578a1e8e809a",
    "data": [
      {
        "text": "Ma liste des dimensions",
        "userDefined": false
      }
    ],
    "isTemplate": false,
    "count": 1,
    "updated": 1504280072
  },
  {
    "id": "a34d5a0c-8a6e-4353-b7ee-10808ab50fa0",
    "data": [
      {
        "text": "Affiche moi la ",
        "userDefined": false
      },
      {
        "text": "liste des dimensions",
        "meta": "@sys.ignore",
        "userDefined": true
      }
    ],
    "isTemplate": false,
    "count": 0,
    "updated": 1508490657
  }
]