[
  {
    "id": "b031166c-f454-4963-acbc-54ca9f7be14a",
    "data": [
      {
        "text": "meilleur ",
        "userDefined": false
      },
      {
        "text": "pilote",
        "alias": "Dimension",
        "meta": "@Dimension",
        "userDefined": true
      },
      {
        "text": " par ",
        "userDefined": false
      },
      {
        "text": "nombre de point",
        "alias": "Mesure",
        "meta": "@Mesure",
        "userDefined": true
      },
      {
        "text": " pour la ",
        "userDefined": false
      },
      {
        "text": "promo",
        "alias": "selectionChamp",
        "meta": "@Dimension",
        "userDefined": true
      },
      {
        "text": " ",
        "userDefined": false
      },
      {
        "text": "2017",
        "alias": "selectionValeur",
        "meta": "@sys.any",
        "userDefined": true
      }
    ],
    "isTemplate": false,
    "count": 0,
    "updated": 1508859826
  },
  {
    "id": "37fe769a-0308-473b-8980-e33f5c51f9bf",
    "data": [
      {
        "text": "meilleur ",
        "userDefined": false
      },
      {
        "text": "client",
        "alias": "Dimension",
        "meta": "@Dimension",
        "userDefined": true
      },
      {
        "text": " par ",
        "userDefined": false
      },
      {
        "text": "CA TTC",
        "alias": "Mesure",
        "meta": "@Mesure",
        "userDefined": true
      },
      {
        "text": " pour l\u0027",
        "userDefined": false
      },
      {
        "text": "année",
        "alias": "selectionChamp",
        "meta": "@Dimension",
        "userDefined": true
      },
      {
        "text": " ",
        "userDefined": false
      },
      {
        "text": "2017",
        "alias": "selectionValeur",
        "meta": "@sys.any",
        "userDefined": true
      }
    ],
    "isTemplate": false,
    "count": 0,
    "updated": 1505486558
  },
  {
    "id": "4ecc2595-ff89-42c6-9142-adb6ca059202",
    "data": [
      {
        "text": "meilleur ",
        "userDefined": false
      },
      {
        "text": "client",
        "alias": "Dimension",
        "meta": "@Dimension",
        "userDefined": true
      },
      {
        "text": " par ",
        "userDefined": false
      },
      {
        "text": "CA TTC",
        "alias": "Mesure",
        "meta": "@Mesure",
        "userDefined": true
      }
    ],
    "isTemplate": false,
    "count": 0,
    "updated": 0
  }
]