[
  {
    "id": "fed441d5-af03-4ce3-82a1-3eed633fb6e8",
    "data": [
      {
        "text": "moins bon ",
        "userDefined": false
      },
      {
        "text": "client",
        "alias": "Dimension",
        "meta": "@Dimension",
        "userDefined": true
      },
      {
        "text": " par ",
        "userDefined": false
      },
      {
        "text": "CA",
        "alias": "Mesure",
        "meta": "@Mesure",
        "userDefined": true
      },
      {
        "text": " pour l\u0027",
        "userDefined": false
      },
      {
        "text": "année",
        "alias": "selectionChamp",
        "meta": "@Dimension",
        "userDefined": true
      },
      {
        "text": " ",
        "userDefined": false
      },
      {
        "text": "2017",
        "alias": "selectionValeur",
        "meta": "@sys.any",
        "userDefined": true
      }
    ],
    "isTemplate": false,
    "count": 0,
    "updated": 1509025207
  },
  {
    "id": "afbb171c-a209-4257-b669-4aa26faed383",
    "data": [
      {
        "text": "le pire ",
        "userDefined": false
      },
      {
        "text": "client",
        "alias": "Dimension",
        "meta": "@Dimension",
        "userDefined": true
      },
      {
        "text": " par ",
        "userDefined": false
      },
      {
        "text": "CA",
        "alias": "Mesure",
        "meta": "@Mesure",
        "userDefined": true
      }
    ],
    "isTemplate": false,
    "count": 0,
    "updated": 1509025207
  },
  {
    "id": "540cf7be-2663-43ef-be7b-ff856213ee0d",
    "data": [
      {
        "text": "moins bon ",
        "userDefined": false
      },
      {
        "text": "client",
        "alias": "Dimension",
        "meta": "@Dimension",
        "userDefined": true
      },
      {
        "text": " par ",
        "userDefined": false
      },
      {
        "text": "CA",
        "alias": "Mesure",
        "meta": "@Mesure",
        "userDefined": true
      }
    ],
    "isTemplate": false,
    "count": 0,
    "updated": 0
  }
]