[
  {
    "id": "0d838d49-cdd8-47d3-840e-ddd441574ffd",
    "data": [
      {
        "text": "Sélectionne moi l\u0027",
        "userDefined": false
      },
      {
        "text": "Année",
        "alias": "dimension",
        "meta": "@Dimension",
        "userDefined": true
      },
      {
        "text": " ",
        "userDefined": false
      },
      {
        "text": "2017",
        "alias": "valeur",
        "meta": "@sys.any",
        "userDefined": true
      }
    ],
    "isTemplate": false,
    "count": 0,
    "updated": 1508490646
  }
]