[
  {
    "id": "77a807ff-3f5d-4a20-b50e-4b4a95b82d7f",
    "data": [
      {
        "text": "donne ",
        "userDefined": false
      },
      {
        "text": "moi",
        "meta": "@sys.ignore",
        "userDefined": false
      },
      {
        "text": " les ",
        "userDefined": false
      },
      {
        "text": "clients",
        "alias": "Dimension",
        "meta": "@Dimension",
        "userDefined": true
      },
      {
        "text": " avec ",
        "userDefined": false
      },
      {
        "text": "un",
        "meta": "@sys.ignore",
        "userDefined": false
      },
      {
        "text": " ",
        "userDefined": false
      },
      {
        "text": "CA TTC",
        "alias": "Mesure",
        "meta": "@Mesure",
        "userDefined": false
      },
      {
        "text": " supérieur à ",
        "userDefined": false
      },
      {
        "text": "20000",
        "alias": "number1",
        "meta": "@sys.number",
        "userDefined": false
      },
      {
        "text": " euros",
        "userDefined": false
      }
    ],
    "isTemplate": false,
    "count": 0,
    "updated": 0
  }
]