[
  {
    "id": "1bed7909-df8e-48d1-b6bc-17cf388fe942",
    "data": [
      {
        "text": "CA",
        "alias": "Mesure",
        "meta": "@Mesure",
        "userDefined": true
      },
      {
        "text": " du ",
        "userDefined": false
      },
      {
        "text": "produit",
        "alias": "Dimension",
        "meta": "@Dimension",
        "userDefined": true
      },
      {
        "text": " ",
        "userDefined": false
      },
      {
        "text": "212",
        "alias": "selectionValeur",
        "meta": "@sys.any",
        "userDefined": true
      }
    ],
    "isTemplate": false,
    "count": 0,
    "updated": 1509381267
  },
  {
    "id": "9cdd4171-b047-4a99-9739-ad9f47d90fcf",
    "data": [
      {
        "text": "Fréquence",
        "alias": "Mesure",
        "meta": "@Mesure",
        "userDefined": false
      }
    ],
    "isTemplate": false,
    "count": 1,
    "updated": 1509362234
  },
  {
    "id": "b74cb4ca-c139-477d-aefe-9379a09f2eec",
    "data": [
      {
        "text": "Nb visites",
        "alias": "Mesure",
        "meta": "@Mesure",
        "userDefined": false
      }
    ],
    "isTemplate": false,
    "count": 0,
    "updated": 1509362234
  },
  {
    "id": "3fb8bb82-eadf-407a-af16-1f367152194d",
    "data": [
      {
        "text": "Objectif Périmètre 2",
        "alias": "Mesure",
        "meta": "@Mesure",
        "userDefined": false
      }
    ],
    "isTemplate": false,
    "count": 0,
    "updated": 1509362234
  },
  {
    "id": "87283d86-a113-4918-b991-05a1214d788f",
    "data": [
      {
        "text": "Objectif Périmètre 3",
        "alias": "Mesure",
        "meta": "@Mesure",
        "userDefined": false
      }
    ],
    "isTemplate": false,
    "count": 0,
    "updated": 1509362234
  },
  {
    "id": "1478863d-5a04-4352-8134-c9f3763fdbaf",
    "data": [
      {
        "text": "CA Facturé Périmètre 2",
        "alias": "Mesure",
        "meta": "@Mesure",
        "userDefined": false
      }
    ],
    "isTemplate": false,
    "count": 0,
    "updated": 1509362234
  },
  {
    "id": "2025bc5e-908a-430f-943c-35085268202e",
    "data": [
      {
        "text": "CA Facturé Périmètre 3",
        "alias": "Mesure",
        "meta": "@Mesure",
        "userDefined": false
      }
    ],
    "isTemplate": false,
    "count": 0,
    "updated": 1509362234
  },
  {
    "id": "3fd868ba-56d9-4574-92e7-b0580ca7a9f5",
    "data": [
      {
        "text": "CA Facturé",
        "alias": "Mesure",
        "meta": "@Mesure",
        "userDefined": false
      }
    ],
    "isTemplate": false,
    "count": 1,
    "updated": 0
  },
  {
    "id": "dfc64ff3-bf09-4a73-9ec3-499609011bd5",
    "data": [
      {
        "text": "Nb pharmacies",
        "alias": "Mesure",
        "meta": "@Mesure",
        "userDefined": false
      }
    ],
    "isTemplate": false,
    "count": 1,
    "updated": 0
  },
  {
    "id": "3bd01f04-46c0-4d36-b872-ad668e2e3187",
    "data": [
      {
        "text": "Parts de marché",
        "alias": "Mesure",
        "meta": "@Mesure",
        "userDefined": false
      }
    ],
    "isTemplate": false,
    "count": 1,
    "updated": 0
  },
  {
    "id": "064a9ef5-46ba-4b39-8d54-75d482f0108b",
    "data": [
      {
        "text": "CA Cumulé",
        "alias": "Mesure",
        "meta": "@Mesure",
        "userDefined": false
      }
    ],
    "isTemplate": false,
    "count": 0,
    "updated": 1509361578
  },
  {
    "id": "21373f4f-141a-4b94-b99f-6c15697ba922",
    "data": [
      {
        "text": "Progression CM3 (vs. Tref)",
        "alias": "Mesure",
        "meta": "@Mesure",
        "userDefined": true
      }
    ],
    "isTemplate": false,
    "count": 0,
    "updated": 1509361578
  },
  {
    "id": "48cedade-87de-48cd-8f85-7ce3e94ba82d",
    "data": [
      {
        "text": "CA",
        "alias": "Mesure",
        "meta": "@Mesure",
        "userDefined": false
      }
    ],
    "isTemplate": false,
    "count": 0,
    "updated": 1509361578
  },
  {
    "id": "680eb817-697e-4f6a-a5cb-7b140af24d11",
    "data": [
      {
        "text": "Nombre d\u0027appels",
        "alias": "Mesure",
        "meta": "@Mesure",
        "userDefined": true
      }
    ],
    "isTemplate": false,
    "count": 0,
    "updated": 1504280072
  },
  {
    "id": "0f0bd7c4-cd73-4086-9544-8da9d3498fb7",
    "data": [
      {
        "text": "mtt forecast",
        "alias": "Mesure",
        "meta": "@Mesure",
        "userDefined": false
      }
    ],
    "isTemplate": false,
    "count": 1,
    "updated": 1504280072
  },
  {
    "id": "0dd54508-cbea-498f-8169-9c8a4b7a5fce",
    "data": [
      {
        "text": "Mtt Forecast",
        "alias": "Mesure",
        "meta": "@Mesure",
        "userDefined": false
      }
    ],
    "isTemplate": false,
    "count": 6,
    "updated": 1504280072
  },
  {
    "id": "5b33326b-6dd4-40e8-8202-859ddf1625e0",
    "data": [
      {
        "text": "Nombre cas résolus",
        "alias": "Mesure",
        "meta": "@Mesure",
        "userDefined": false
      },
      {
        "text": " pour l\u0027",
        "userDefined": false
      },
      {
        "text": "année",
        "alias": "Dimension",
        "meta": "@Dimension",
        "userDefined": false
      },
      {
        "text": " ",
        "userDefined": false
      },
      {
        "text": "2017",
        "alias": "selectionValeur",
        "meta": "@sys.any",
        "userDefined": false
      }
    ],
    "isTemplate": false,
    "count": 0,
    "updated": 1502985822
  },
  {
    "id": "eab76ecb-af22-492e-a7e1-e2de2e364331",
    "data": [
      {
        "text": "Nombre cas résolus",
        "alias": "Mesure",
        "meta": "@Mesure",
        "userDefined": false
      }
    ],
    "isTemplate": false,
    "count": 0,
    "updated": 1502870953
  }
]